{"chunk_definitions":[{"chunk_id":"chrxmhf2ya512","chunk_label":"unnamed-chunk-1","document_id":null,"expansion_state":0,"options":{"engine":"r","label":"unnamed-chunk-27"},"row":22,"row_count":1,"visible":true},{"chunk_id":"ca38vq90lpgtf","chunk_label":"unnamed-chunk-2","document_id":null,"expansion_state":0,"options":{"engine":"r","label":"unnamed-chunk-28"},"row":28,"row_count":1,"visible":true},{"chunk_id":"cc9893rl6f6yp","chunk_label":"unnamed-chunk-3","document_id":null,"expansion_state":0,"options":{"engine":"r","label":"unnamed-chunk-29"},"row":49,"row_count":1,"visible":true},{"chunk_id":"c2vgv27670ygd","chunk_label":"unnamed-chunk-4","document_id":null,"expansion_state":0,"options":{"engine":"r","label":"unnamed-chunk-30"},"row":57,"row_count":1,"visible":true},{"chunk_id":"cgoejn5za4uxk","chunk_label":"unnamed-chunk-5","document_id":null,"expansion_state":0,"options":{"engine":"r","label":"unnamed-chunk-31"},"row":72,"row_count":1,"visible":true},{"chunk_id":"cit976c3mtohm","chunk_label":"unnamed-chunk-6","document_id":null,"expansion_state":0,"options":{"engine":"r","label":"unnamed-chunk-32"},"row":94,"row_count":1,"visible":true},{"chunk_id":"cpjn9tgjgjwfo","chunk_label":"unnamed-chunk-7","document_id":null,"expansion_state":0,"options":{"engine":"r","label":"unnamed-chunk-33"},"row":112,"row_count":1,"visible":true},{"chunk_id":"cg1fd176y86dp","chunk_label":"unnamed-chunk-8","document_id":null,"expansion_state":0,"options":{"engine":"r","label":"unnamed-chunk-34"},"row":118,"row_count":1,"visible":true},{"chunk_id":"ccuu7yixsidm1","chunk_label":"unnamed-chunk-9","document_id":null,"expansion_state":0,"options":{"engine":"r","label":"unnamed-chunk-35"},"row":126,"row_count":1,"visible":true},{"chunk_id":"ceoa11zcl4cil","chunk_label":"unnamed-chunk-10","document_id":null,"expansion_state":0,"options":{"engine":"r","label":"unnamed-chunk-36"},"row":132,"row_count":1,"visible":true},{"chunk_id":"claw750srczcs","chunk_label":"unnamed-chunk-11","document_id":null,"expansion_state":0,"options":{"engine":"r","label":"unnamed-chunk-37"},"row":146,"row_count":1,"visible":true},{"chunk_id":"csgpy96gyamoq","chunk_label":"unnamed-chunk-12","document_id":"4B0738A5","expansion_state":0,"options":{"engine":"r","label":"unnamed-chunk-19"},"row":183,"row_count":1,"visible":true},{"chunk_id":"cn7c19tvw0nvu","chunk_label":"unnamed-chunk-13","document_id":"4B0738A5","expansion_state":0,"options":{"engine":"r","label":"unnamed-chunk-48"},"row":190,"row_count":1,"visible":true},{"chunk_id":"cq081hmw7vh3p","chunk_label":"unnamed-chunk-14","document_id":"4B0738A5","expansion_state":0,"options":{"engine":"r","label":"unnamed-chunk-49"},"row":198,"row_count":1,"visible":true},{"chunk_id":"c87zew5md6zqa","chunk_label":"unnamed-chunk-15","document_id":"4B0738A5","expansion_state":0,"options":{"engine":"r","label":"unnamed-chunk-20"},"row":223,"row_count":1,"visible":true},{"chunk_id":"cg9mxys0b6kml","chunk_label":"unnamed-chunk-16","document_id":"4B0738A5","expansion_state":0,"options":{"engine":"r","label":"unnamed-chunk-21"},"row":227,"row_count":1,"visible":true},{"chunk_id":"cnuok3hpo7f2k","chunk_label":"unnamed-chunk-18","document_id":"4B0738A5","expansion_state":0,"options":{"engine":"r","label":"unnamed-chunk-27"},"row":275,"row_count":1,"visible":true},{"chunk_id":"cg1kzk2a0l9dk","chunk_label":"unnamed-chunk-19","document_id":"4B0738A5","expansion_state":0,"options":{"engine":"r","label":"unnamed-chunk-29"},"row":284,"row_count":1,"visible":true}],"chunk_rendered_width":700,"doc_write_time":1622123455}