"0","weighted_error <- function(formula, train_data, valid_data, valid_with_freq) {"
"0","  # this code is the same as before"
"0","  y_name <- 'quality'"
"0","  y_true <- valid_data[[y_name]]"
"0","  "
"0","  "
"0","  lm_fit <- lm(best_formula, train_data)"
"0","  y_pred <- predict(lm_fit, newdata = valid_data)"
"0","    "
"0","  # we create an inverted frquency vector"
"0","  freq_vector <- valid_with_freq[['freq']]"
"0","  "
"0","  # Then, we use roughly the same error function"
"0","  mean((freq_vector*(y_true - y_pred))^2)"
"0","}"
"0",""
"0",""
