"0","# create a scatterplot from alcohol and volatile acidity"
"0",""
"0","# Filter out one outlier with very high acidity"
"0","wine_plot <- filter(wine, volatile.acidity < 1.5)"
"0",""
"0","#Plotting with quality as the color"
"0","ggplot(wine_plot , mapping = aes( y = `alcohol`, x = `volatile.acidity`, color = as.factor(quality))) +"
"0","  geom_point() +"
"0","  scale_color_viridis_d(name = 'Quality') +"
"0","  labs( # adding labels"
"0","    y = 'Alcohol (%)',"
"0","    x = 'Volatile Acidity',"
"0","    title = 'Effect of Alcohol and Volatile Acidity on Quality of Red Wine'"
"0","  ) +"
"0","  theme_minimal()"
"0",""
