"0","# create a simple scatterplot plot"
"0","create_evaluation_plot <- function(model){"
"0","  tibble("
"0","    y_true_plt = wine_test$quality,"
"0","    y_pred_plt = predict(model, newdata = wine_test)"
"0","  ) %>% "
"0","    ggplot(aes(x = y_pred_plt, y = factor(y_true_plt))) +"
"0","    # note that the intercept here is based on the number of categories"
"0","    # So like this it creates the line y = x for reference"
"0","    geom_abline(slope = 1, intercept = -2, lty = 2, col = 'darkgreen' ) +"
"0","    # we plot the datapoints as a violin to show the distribution"
"0","    geom_violin(orientation = 'y', alpha = 0.6) +"
"0","    labs( # add labels"
"0","      y = 'True quality',"
"0","      x = 'Predicted quality',"
"0","      title = 'Evaluation of predictions',"
"0","      color = 'Fit'"
"0","      ) +"
"0","    theme_minimal() "
"0","}"
