{"chunk_definitions":[{"chunk_id":"chrxmhf2ya512","chunk_label":"unnamed-chunk-1","document_id":null,"expansion_state":0,"options":{"engine":"r","label":"unnamed-chunk-6"},"row":22,"row_count":1,"visible":true},{"chunk_id":"ca38vq90lpgtf","chunk_label":"unnamed-chunk-2","document_id":null,"expansion_state":0,"options":{"engine":"r","label":"unnamed-chunk-62"},"row":28,"row_count":1,"visible":true},{"chunk_id":"cc9893rl6f6yp","chunk_label":"unnamed-chunk-3","document_id":null,"expansion_state":0,"options":{"engine":"r","label":"unnamed-chunk-63"},"row":49,"row_count":1,"visible":true},{"chunk_id":"c2vgv27670ygd","chunk_label":"unnamed-chunk-4","document_id":null,"expansion_state":0,"options":{"engine":"r","label":"unnamed-chunk-64"},"row":57,"row_count":1,"visible":true},{"chunk_id":"cgoejn5za4uxk","chunk_label":"unnamed-chunk-5","document_id":null,"expansion_state":0,"options":{"engine":"r","label":"unnamed-chunk-65"},"row":72,"row_count":1,"visible":true},{"chunk_id":"cit976c3mtohm","chunk_label":"unnamed-chunk-6","document_id":null,"expansion_state":0,"options":{"engine":"r","label":"unnamed-chunk-66"},"row":94,"row_count":1,"visible":true},{"chunk_id":"cpjn9tgjgjwfo","chunk_label":"unnamed-chunk-7","document_id":null,"expansion_state":0,"options":{"engine":"r","label":"unnamed-chunk-67"},"row":112,"row_count":1,"visible":true},{"chunk_id":"cg1fd176y86dp","chunk_label":"unnamed-chunk-8","document_id":null,"expansion_state":0,"options":{"engine":"r","label":"unnamed-chunk-68"},"row":118,"row_count":1,"visible":true},{"chunk_id":"ccuu7yixsidm1","chunk_label":"unnamed-chunk-9","document_id":null,"expansion_state":0,"options":{"engine":"r","label":"unnamed-chunk-69"},"row":126,"row_count":1,"visible":true},{"chunk_id":"ceoa11zcl4cil","chunk_label":"unnamed-chunk-10","document_id":null,"expansion_state":0,"options":{"engine":"r","label":"unnamed-chunk-70"},"row":132,"row_count":1,"visible":true},{"chunk_id":"claw750srczcs","chunk_label":"unnamed-chunk-11","document_id":null,"expansion_state":0,"options":{"engine":"r","label":"unnamed-chunk-71"},"row":146,"row_count":1,"visible":true},{"chunk_id":"csgpy96gyamoq","chunk_label":"unnamed-chunk-12","document_id":"4B0738A5","expansion_state":0,"options":{"engine":"r","label":"unnamed-chunk-72"},"row":183,"row_count":1,"visible":true},{"chunk_id":"c9m6p4fdn6nhw","chunk_label":"unnamed-chunk-13","document_id":"4B0738A5","expansion_state":0,"options":{"engine":"r","label":"unnamed-chunk-73"},"row":190,"row_count":1,"visible":true},{"chunk_id":"cq081hmw7vh3p","chunk_label":"unnamed-chunk-14","document_id":"4B0738A5","expansion_state":0,"options":{"engine":"r","label":"unnamed-chunk-74"},"row":198,"row_count":1,"visible":true},{"chunk_id":"c87zew5md6zqa","chunk_label":"unnamed-chunk-15","document_id":"4B0738A5","expansion_state":0,"options":{"engine":"r","label":"unnamed-chunk-75"},"row":223,"row_count":1,"visible":true},{"chunk_id":"cg9mxys0b6kml","chunk_label":"unnamed-chunk-16","document_id":"4B0738A5","expansion_state":0,"options":{"engine":"r","label":"unnamed-chunk-76"},"row":227,"row_count":1,"visible":true},{"chunk_id":"c18z2i5kok4bh","chunk_label":"unnamed-chunk-17","document_id":"4B0738A5","expansion_state":0,"options":{"engine":"r","label":"unnamed-chunk-77"},"row":231,"row_count":1,"visible":true},{"chunk_id":"cjdsa50swxl6e","chunk_label":"unnamed-chunk-18","document_id":"29B1886D","expansion_state":0,"options":{"engine":"r","label":"unnamed-chunk-78"},"row":250,"row_count":1,"visible":true},{"chunk_id":"cnuok3hpo7f2k","chunk_label":"unnamed-chunk-19","document_id":"4B0738A5","expansion_state":0,"options":{"engine":"r","label":"unnamed-chunk-79"},"row":273,"row_count":1,"visible":true},{"chunk_id":"cg1kzk2a0l9dk","chunk_label":"unnamed-chunk-20","document_id":"4B0738A5","expansion_state":0,"options":{"engine":"r","label":"unnamed-chunk-80"},"row":287,"row_count":1,"visible":true}],"doc_write_time":1622126839}