"0",""
"0","new_best_formula <- find_best_formula(weighted_error, wine_train, wine_valid, wine_valid_incl_freq)"
"0","new_best <- lm(new_best_formula, data = wine_train)"
"0","mse(wine_test$quality, predict(new_best, newdata = wine_test))"
"1","[1]"
"1"," 0.5025736"
"1","
"
"0","print(new_best_formula)"
"1","[1]"
"1"," ""quality ~ fixed.acidity + volatile.acidity + citric.acid + residual.sugar"""
"1","
"
"0","print(best_formula)"
"1","[1]"
"1"," ""quality ~ fixed.acidity + volatile.acidity + citric.acid + residual.sugar"""
"1","
"
