"0","# We find the best formula"
"0",""
"0","find_best_formula <- function(error_function, train_data, valid_data, valid_with_freq = NULL){"
"0","  "
"0","  # Initialise formula lists to be able to access the formulas later"
"0","  formula_list <- list()"
"0","  # initialise smallest error"
"0","  overall_min <- 100000000"
"0","  "
"0","  for (i in 1:4){"
"0","    formulas <- generate_formulas(p = i, x_vars = x_vars, y_var = ""quality"")"
"0","    formula_list <- c(formula_list, list(formulas))"
"0","    "
"0","    # Initialise a vector we will fill with MSE values"
"0","    errors <- rep(0, length(formulas))"
"0","    "
"0","    for (j in 1:length(formulas)) {"
"0","    errors[j] <- error_function(as.formula(formulas[i]), train_data, valid_data, valid_with_freq)"
"0","    }"
"0","    "
"0","    localmin <- min(errors)"
"0","    "
"0","    if (localmin <= overall_min){"
"0","      overall_min <- localmin"
"0","      nr_param <- i"
"0","      min_formula <- formulas[which.min(errors)]"
"0","    }"
"0","  }"
"0","  "
"0","  min_formula"
"0","  "
"0","}"
"0",""
"0",""
